일자,종가,대비,등락률,시가,고가,저가,거래량,거래대금,시가총액,상장주식수
"2021/05/18","272000","2500","0.93","265000","273500","263500","439224","118443630500","37513297248000","137916534"
"2021/05/17","269500","-1000","-0.37","274000","277000","269000","571257","155266247500","37111073846000","137703428"
"2021/05/14","270500","5500","2.08","265000","271500","261500","571387","152629437500","37248777274000","137703428"
"2021/05/13","265000","2500","0.95","260500","270500","260000","862168","228695444000","36491408420000","137703428"
"2021/05/12","262500","-8000","-2.96","270500","274500","261500","771734","205427713000","36147149850000","137703428"
"2021/05/11","270500","-4500","-1.64","273500","276500","266500","690113","187029524000","37248777274000","137703428"
"2021/05/10","275000","8500","3.19","276500","277500","269000","961271","263254703000","37868442700000","137703428"
"2021/05/07","266500","14000","5.54","253500","272000","253000","1301011","344056143000","36697963562000","137703428"
"2021/05/06","252500","-7500","-2.88","260000","261500","251000","1153094","292112897000","34770115570000","137703428"
"2021/05/04","260000","10500","4.21","245500","260500","244000","1828139","461214037588","35802891280000","137703428"
"2021/05/03","249500","-16500","-6.20","265000","268000","248500","1931130","493912849000","34357005286000","137703428"
"2021/04/30","266000","-2500","-0.93","270000","273000","265000","698855","187024700500","36629111848000","137703428"
"2021/04/29","268500","-1500","-0.56","270500","277000","264000","1036746","279980551000","36973370418000","137703428"
"2021/04/28","270000","-4000","-1.46","272500","282000","266000","1371738","374869337004","37179925560000","137703428"
"2021/04/27","274000","-11000","-3.86","285000","285500","273500","1344606","373664366000","37730739272000","137703428"
"2021/04/26","285000","-3000","-1.04","288000","288500","284000","716990","204420618500","39245476980000","137703428"
"2021/04/23","288000","0","0.00","288000","291000","285000","521531","150551391000","39658587264000","137703428"
"2021/04/22","288000","-2500","-0.86","292000","294500","287000","772035","224075103500","39658587264000","137703428"
"2021/04/21","290500","-9500","-3.17","295500","297500","290000","1004575","294123226000","39225555855500","135027731"
"2021/04/20","300000","-9500","-3.07","306500","308000","299500","1058058","319651791000","40508319300000","135027731"
"2021/04/19","309500","1500","0.49","308000","313500","305500","569414","176337884000","41791082744500","135027731"
"2021/04/16","308000","-1500","-0.48","310500","312000","306500","378139","116630229000","41588541148000","135027731"
"2021/04/15","309500","-5500","-1.75","314500","315000","309000","547071","169836140000","41791082744500","135027731"
"2021/04/14","315000","-1000","-0.32","317000","319000","313000","407935","128650552500","42533735265000","135027731"
"2021/04/13","316000","5500","1.77","312500","319000","309000","573517","180668333500","42668762996000","135027731"
"2021/04/12","310500","1000","0.32","309500","311000","306000","342305","105494432000","41926110475500","135027731"
"2021/04/09","309500","-2000","-0.64","312500","314500","309000","347094","108097241000","41791082744500","135027731"
"2021/04/08","311500","5500","1.80","306500","311500","303000","486544","149740428500","42061138206500","135027731"
"2021/04/07","306000","2500","0.82","304000","312000","303000","458016","140816964500","41318485686000","135027731"
"2021/04/06","303500","-4500","-1.46","309000","313000","302000","634988","194232999500","40980916358500","135027731"
"2021/04/05","308000","-12500","-3.90","318000","319000","307000","716852","222795976500","41588541148000","135027731"
"2021/04/02","320500","-4000","-1.23","324500","326000","318000","500451","160736794000","43276387785500","135027731"
"2021/04/01","324500","0","0.00","323500","327500","318000","528893","170639259000","43816498709500","135027731"
"2021/03/31","324500","1000","0.31","326500","330000","322500","529579","172092054000","43816498709500","135027731"
"2021/03/30","323500","-7000","-2.12","328500","329000","323000","614957","200248821000","43681470978500","135027731"
"2021/03/29","330500","16500","5.25","332500","334500","322000","1786627","589357250500","44626665095500","135027731"
"2021/03/26","314000","6500","2.11","311500","316500","304000","815381","253723646000","42398707534000","135027731"
"2021/03/25","307500","7500","2.50","301500","307500","299000","585517","177837141000","41521027282500","135027731"
"2021/03/24","300000","7500","2.56","294000","302000","292000","567246","168806302500","40508319300000","135027731"
"2021/03/23","292500","3500","1.21","294000","304000","291000","718171","213488461500","39495611317500","135027731"
"2021/03/22","289000","2000","0.70","290000","294500","286000","465736","135100902000","39023014259000","135027731"
"2021/03/19","287000","-5000","-1.71","288000","290500","284000","459008","131840452000","38752958797000","135027731"
"2021/03/18","292000","-1500","-0.51","295500","299500","292000","401776","118568184000","39428097452000","135027731"
"2021/03/17","293500","-3000","-1.01","296500","298000","291000","360539","105535021000","39630639048500","135027731"
"2021/03/16","296500","7500","2.60","290500","298000","289000","410799","120770080000","40035722241500","135027731"
"2021/03/15","289000","-8000","-2.69","296500","297000","289000","474511","137952892000","39023014259000","135027731"
"2021/03/12","297000","4000","1.37","296000","301000","293000","416941","123994258500","40103236107000","135027731"
"2021/03/11","293000","7500","2.63","285500","296500","284500","660641","192631301000","39563125183000","135027731"
"2021/03/10","285500","-2000","-0.70","291500","296500","284000","494901","143324917500","38550417200500","135027731"
"2021/03/09","287500","-3500","-1.20","288000","292000","280500","853291","244093079000","38820472662500","135027731"
"2021/03/08","291000","-10500","-3.48","304000","304000","290500","595881","176200359500","39293069721000","135027731"
"2021/03/05","301500","-5000","-1.63","305000","307000","300000","469774","141899423000","40710860896500","135027731"
"2021/03/04","306500","3500","1.16","303000","310000","297500","772420","235072512000","41385999551500","135027731"
"2021/03/03","303000","11500","3.95","292500","306000","290000","878080","263846018500","40913402493000","135027731"
"2021/03/02","291500","-6000","-2.02","302500","307000","288500","909178","270414434500","39360583586500","135027731"
"2021/02/26","297500","-10500","-3.41","300000","304000","292000","1062427","315901934500","40170749972500","135027731"
"2021/02/25","308000","26000","9.22","290500","309000","286500","1378139","412175937000","41588541148000","135027731"
"2021/02/24","282000","-14000","-4.73","292500","301000","282000","1494863","434431023500","38077820142000","135027731"
"2021/02/23","296000","-13500","-4.36","311000","312500","296000","1261921","380843045000","39968208376000","135027731"
"2021/02/22","309500","-9000","-2.83","322000","322500","308500","725100","228409619500","41791082744500","135027731"
"2021/02/19","318500","4000","1.27","310500","318500","306000","855583","267280901500","43006332323500","135027731"
"2021/02/18","314500","-7000","-2.18","320000","326500","314500","671084","214823393000","42456809672500","134997805"
"2021/02/17","321500","-3500","-1.08","324500","329000","315500","951224","305642340000","43401794307500","134997805"
"2021/02/16","325000","-8000","-2.40","335000","335500","324500","827534","270899740500","43874286625000","134997805"
"2021/02/15","333000","1000","0.30","340000","343500","333000","1188210","398058045000","44954269065000","134997805"
"2021/02/10","332000","4000","1.22","326500","332000","324500","734865","241770454000","44819271260000","134997805"
"2021/02/09","328000","-8000","-2.38","336000","337500","328000","984780","326081420000","44279280040000","134997805"
"2021/02/08","336000","-5500","-1.61","350000","351500","336000","784558","268352458500","45359262480000","134997805"
"2021/02/05","341500","0","0.00","347500","355000","335000","1997418","695534667500","46101750407500","134997805"
"2021/02/04","341500","-6000","-1.73","345000","349500","337500","1099579","376382058000","46101750407500","134997805"
"2021/02/03","347500","-8000","-2.25","357500","359500","338000","1922464","665452152500","46911737237500","134997805"
"2021/02/02","355500","-15500","-4.18","370000","370000","352500","2321590","836077616500","47991719677500","134997805"
"2021/02/01","371000","47000","14.51","334000","383000","333000","6018601","2190473307000","50084185655000","134997805"
"2021/01/29","324000","-10500","-3.14","334500","339000","322500","1076910","354697929000","43739288820000","134997805"
"2021/01/28","334500","5500","1.67","319500","338000","316000","1488920","492612597000","45156765772500","134997805"
"2021/01/27","329000","6500","2.02","326000","333000","318000","1013961","331238797000","44414277845000","134997805"
"2021/01/26","322500","1500","0.47","327500","335000","321500","1256043","412546931000","43536792112500","134997805"
"2021/01/25","321000","11000","3.55","311500","322000","311000","941127","299129221500","43334295405000","134997805"
"2021/01/22","310000","-2000","-0.64","312500","315500","308000","835242","259953411500","41849319550000","134997805"
"2021/01/21","312000","1000","0.32","314000","317500","306500","1083926","337528175000","42119315160000","134997805"
"2021/01/20","311000","-1500","-0.48","315500","324000","308000","1395424","439915057500","41984317355000","134997805"
"2021/01/19","312500","-1500","-0.48","308000","317000","296500","3300220","1018260869500","42186814062500","134997805"
"2021/01/18","314000","-15000","-4.56","327500","346000","314000","2601181","862910148000","42389310770000","134997805"
"2021/01/15","329000","-23500","-6.67","349000","349500","325500","3398281","1138174716500","44414277845000","134997805"
"2021/01/14","352500","-29000","-7.60","366000","374000","351000","3425555","1229693266000","47586726262500","134997805"
"2021/01/13","381500","-2500","-0.65","380000","390000","375000","2083610","798022757500","51501662607500","134997805"
"2021/01/12","384000","10000","2.67","380500","387000","370000","2475166","940013273000","51839157120000","134997805"
"2021/01/11","374000","7000","1.91","377000","386500","367000","2624781","985436089500","50489179070000","134997805"
"2021/01/08","367000","9500","2.66","359500","370000","356000","1719926","625841683500","49544194435000","134997805"
"2021/01/07","357500","4000","1.13","355000","359500","351000","956548","340784985500","48261715287500","134997805"
"2021/01/06","353500","-1000","-0.28","357000","359500","353500","977528","347794709500","47721724067500","134997805"
"2021/01/05","354500","7000","2.01","351500","356000","345000","1255776","441147447000","47856721872500","134997805"
"2021/01/04","347500","-11500","-3.20","351500","354500","343000","2006483","698238748000","46911737237500","134997805"
"2020/12/30","359000","-1500","-0.42","362500","365000","351000","2107841","751245634000","48464211995000","134997805"
"2020/12/29","360500","33000","10.08","360500","365000","347000","5725005","2043579093500","48666708702500","134997805"
"2020/12/28","333500","-14000","-4.03","349500","360000","324000","7295632","2493305878500","45021767967500","134997805"
"2020/12/24","347500","-7500","-2.11","355500","358000","343500","2076258","725488573500","46911737237500","134997805"
"2020/12/23","355000","-4000","-1.11","364000","366000","354000","1425317","513070300000","47924220775000","134997805"
"2020/12/22","359000","-8000","-2.18","368000","371000","359000","1358477","494741796000","48464211995000","134997805"
"2020/12/21","367000","11000","3.09","361000","372500","356500","2005754","734276365000","49544194435000","134997805"
"2020/12/18","356000","4500","1.28","353000","357500","351000","921874","326991213500","48059218580000","134997805"
"2020/12/17","351500","-2000","-0.57","348500","356500","346500","910608","320669207500","47451728457500","134997805"
"2020/12/16","353500","-6500","-1.81","364000","365000","352500","1265904","450836161500","47721724067500","134997805"
"2020/12/15","360000","2500","0.70","360000","362000","341500","2434131","856013207500","48599209800000","134997805"
"2020/12/14","357500","-3500","-0.97","366500","370500","350000","1676174","606724350000","48261715287500","134997805"
"2020/12/11","361000","1000","0.28","373500","373500","360500","1116272","407266028500","48734207605000","134997805"
"2020/12/10","360000","6500","1.84","344500","368500","344000","2056690","736109205500","48599209800000","134997805"
"2020/12/09","353500","3500","1.00","352000","364500","327000","3599378","1258969598500","47721724067500","134997805"
"2020/12/08","350000","-53500","-13.26","396000","402500","347000","4600980","1728913283500","47249231750000","134997805"
"2020/12/07","403500","23500","6.18","396500","403500","380000","3465337","1368063123000","54471614317500","134997805"
"2020/12/04","380000","29000","8.26","356000","385500","355500","4734606","1772620252500","51299165900000","134997805"
"2020/12/03","351000","4000","1.15","345000","359500","343000","1704361","599930726000","47384229555000","134997805"
"2020/12/02","347000","3000","0.87","345500","348000","341000","1148553","395625059000","46844238335000","134997805"
"2020/12/01","344000","4000","1.18","346000","351500","338000","1242970","427934021000","46439244920000","134997805"
"2020/11/30","340000","6000","1.80","337500","355500","337000","3062017","1062364869000","45899253700000","134997805"
"2020/11/27","334000","4500","1.37","329500","336000","329000","1327381","441606355500","45089266870000","134997805"
"2020/11/26","329500","-500","-0.15","335000","338000","323000","2778746","917557208000","44481776747500","134997805"
"2020/11/25","330000","28500","9.45","304000","376000","303500","10726012","3611378939500","44549275650000","134997805"
"2020/11/24","301500","500","0.17","305000","305000","298000","846027","255066351000","40701838207500","134997805"
"2020/11/23","301000","4500","1.52","300000","304000","298500","980542","296037302500","40634339305000","134997805"
"2020/11/20","296500","2500","0.85","293500","297500","293000","534421","157973491500","40026849182500","134997805"
"2020/11/19","294000","3000","1.03","299000","301000","292500","1008419","298572852000","39689354670000","134997805"
"2020/11/18","291000","5000","1.75","287500","293000","285000","633875","184230725000","39284361255000","134997805"
"2020/11/17","286000","-2500","-0.87","286500","293000","282500","917309","263538559000","38609372230000","134997805"
"2020/11/16","288500","-1500","-0.52","291000","294500","288000","590641","171449480500","38945693413000","134993738"
"2020/11/13","290000","-2000","-0.68","289500","294500","283500","832467","240399527000","39148184020000","134993738"
"2020/11/12","292000","-4500","-1.52","295000","296500","289000","1024919","299447289500","39418171496000","134993738"
"2020/11/11","296500","20000","7.23","277000","301000","275500","2765598","808829956500","40025643317000","134993738"
"2020/11/10","276500","-8500","-2.98","283500","285500","276000","1046021","292382871000","37325768557000","134993738"
"2020/11/09","285000","7500","2.70","282500","288000","281500","886316","252385536000","38473215330000","134993738"
"2020/11/06","277500","5500","2.02","274500","284000","270500","1189737","330051904500","37460762295000","134993738"
"2020/11/05","272000","1500","0.55","273000","274000","266500","965754","261672821000","36718296736000","134993738"
"2020/11/04","270500","11500","4.44","263000","271000","260000","1326699","353481703500","36515806129000","134993738"
"2020/11/03","259000","14500","5.93","247000","259500","246500","1016373","259447094000","34963378142000","134993738"
"2020/11/02","244500","3500","1.45","242500","249000","240000","486328","119076918500","33005968941000","134993738"
"2020/10/30","241000","-12000","-4.74","253000","253500","241000","825115","203241001500","32533490858000","134993738"
"2020/10/29","253000","10500","4.33","239500","256000","239000","986149","244699632000","34153415714000","134993738"
"2020/10/28","242500","3500","1.46","241000","243000","239000","426527","102756565000","32735981465000","134993738"
"2020/10/27","239000","1000","0.42","237500","245000","234000","687981","165259551500","32263503382000","134993738"
"2020/10/26","238000","0","0.00","243000","249000","236500","945429","229297310000","32128509644000","134993738"
"2020/10/23","238000","500","0.21","238500","242000","233500","723304","171756917500","32128509644000","134993738"
"2020/10/22","237500","-6500","-2.66","241500","245500","236000","831654","199004845000","32061012775000","134993738"
"2020/10/21","244000","-1500","-0.61","244000","246500","240500","625587","152452069500","32938472072000","134993738"
"2020/10/20","245500","-10000","-3.91","252000","253000","240500","1215368","297771736000","33140962679000","134993738"
"2020/10/19","255500","-1000","-0.39","256500","261500","254500","517772","133387790500","34490900059000","134993738"
"2020/10/16","256500","1500","0.59","254500","262500","254000","543139","139866056000","34625893797000","134993738"
"2020/10/15","255000","-7000","-2.67","261000","263000","254000","627073","161251004500","34423403190000","134993738"
"2020/10/14","262000","-8500","-3.14","269000","269500","261500","585306","154480932500","35368359356000","134993738"
"2020/10/13","270500","-3000","-1.10","276000","276000","268500","541433","147238311000","36515806129000","134993738"
"2020/10/12","273500","11500","4.39","266500","274500","263500","774825","208546627500","36920787343000","134993738"
"2020/10/08","262000","1500","0.58","263000","271500","262000","874989","232205539500","35368359356000","134993738"
"2020/10/07","260500","2500","0.97","259000","261500","256500","492558","127619026500","35165868749000","134993738"
"2020/10/06","258000","3500","1.38","255500","259000","254500","556717","142844542500","34828384404000","134993738"
"2020/10/05","254500","-3000","-1.17","259000","260500","251000","639048","162958641500","34355906321000","134993738"
"2020/09/29","257500","2500","0.98","256500","258500","251000","686838","175832208500","34760887535000","134993738"
"2020/09/28","255000","-3500","-1.35","269500","269500","254500","1037814","269865061500","34423403190000","134993738"
"2020/09/25","258500","8500","3.40","252500","264500","252000","1251340","324735415500","34895881273000","134993738"
"2020/09/24","250000","-16000","-6.02","259500","264500","249000","1321525","337650180500","33748434500000","134993738"
"2020/09/23","266000","-2000","-0.75","269000","273000","256500","1302410","344717214500","35908334308000","134993738"
"2020/09/22","268000","-10500","-3.77","276500","282500","264000","1337964","362593734000","36178321784000","134993738"
"2020/09/21","278500","-13000","-4.46","291500","293000","277000","1074281","304274325000","37595756033000","134993738"
"2020/09/18","291500","0","0.00","299000","301000","291500","754705","222552322000","39350674627000","134993738"
"2020/09/17","291500","-5500","-1.85","299500","299500","291000","685924","202001213000","39350674627000","134993738"
"2020/09/16","297000","1000","0.34","297000","303000","296000","438867","131041916500","40093140186000","134993738"
"2020/09/15","296000","0","0.00","296500","299000","294000","413089","122516338500","39958146448000","134993738"
"2020/09/14","296000","-2500","-0.84","299000","301000","294500","508097","150980837000","39958146448000","134993738"
"2020/09/11","298500","0","0.00","298500","307500","296500","1022761","307906376000","40295630793000","134993738"
"2020/09/10","298500","0","0.00","299500","302500","294000","1246969","372815649000","40295630793000","134993738"
"2020/09/09","298500","-19500","-6.13","314500","322000","298000","2482466","766460002000","40295630793000","134993738"
"2020/09/08","318000","13000","4.26","303000","322000","297000","2698135","841172365500","42928008684000","134993738"
"2020/09/07","305000","11000","3.74","295000","306000","291000","1016576","303981313500","41173090090000","134993738"
"2020/09/04","294000","-5500","-1.84","292000","297000","292000","612252","179969702500","39688158972000","134993738"
"2020/09/03","299500","-1000","-0.33","300500","301500","297500","497412","148698415000","40430624531000","134993738"
"2020/09/02","300500","2500","0.84","299500","304000","298000","547657","164678528500","40565618269000","134993738"
"2020/09/01","298000","1000","0.34","297000","302000","295000","668602","199471779000","40228133924000","134993738"
"2020/08/31","297000","-7500","-2.46","305000","305500","296500","1079872","323768088000","40093140186000","134993738"
"2020/08/28","304500","0","0.00","306000","308000","303500","557944","170343403500","41105593221000","134993738"
"2020/08/27","304500","-6000","-1.93","310500","311000","304000","722862","221374466500","41105593221000","134993738"
"2020/08/26","310500","4000","1.31","312000","319500","309000","1262116","395829208000","41915555649000","134993738"
"2020/08/25","306500","-3500","-1.13","310500","311000","304500","600050","184032652500","41375580697000","134993738"
"2020/08/24","310000","9000","2.99","304500","311000","301500","814190","249920923000","41848058780000","134993738"
"2020/08/21","301000","-4000","-1.31","308000","308500","296000","1037558","313609800000","40633115138000","134993738"
"2020/08/20","305000","1000","0.33","303000","317000","301000","1708375","528142697500","41173090090000","134993738"
"2020/08/19","304000","0","0.00","314000","314500","303000","880282","270736310000","41038096352000","134993738"
"2020/08/18","304000","-500","-0.16","307000","316000","301500","1163773","359457528500","41038096352000","134993738"
"2020/08/14","304500","-4000","-1.30","308000","312000","300000","1037943","315735311000","41089042732500","134939385"
"2020/08/13","308500","6500","2.15","302500","320000","301500","1754825","548133148000","41628800272500","134939385"
"2020/08/12","302000","-12000","-3.82","312500","313500","301000","1121637","343232301500","40751694270000","134939385"
"2020/08/11","314000","-1000","-0.32","315500","318500","312500","693402","218682206000","42370966890000","134939385"
"2020/08/10","315000","500","0.16","321000","324000","313500","1221244","387676574500","42505906275000","134939385"
"2020/08/07","314500","3500","1.13","311000","317000","307500","963799","301763794000","42438436582500","134939385"
"2020/08/06","311000","-4000","-1.27","319500","320000","309500","832683","260421263000","41966148735000","134939385"
"2020/08/05","315000","13000","4.30","304000","315000","303500","1063211","330044841000","42505906275000","134939385"
"2020/08/04","302000","3000","1.00","299500","307000","297000","891486","268912277000","40751694270000","134939385"
"2020/08/03","299000","2500","0.84","294000","301500","283500","1521548","445693526000","40346876115000","134939385"
"2020/07/31","296500","-3500","-1.17","300000","306000","296000","823746","246332218500","40009527652500","134939385"
"2020/07/30","300000","-1500","-0.50","299500","311000","287000","2723830","812500073000","40481815500000","134939385"
"2020/07/29","301500","-16000","-5.04","314500","317000","298000","1903406","580868461500","40684224577500","134939385"
"2020/07/28","317500","500","0.16","323500","324000","316000","666062","212455859000","42843254737500","134939385"
"2020/07/27","317000","-2000","-0.63","320000","321000","316500","507367","161623853500","42775785045000","134939385"
"2020/07/24","319000","-3000","-0.93","317500","328000","317000","789309","253521217000","43045663815000","134939385"
"2020/07/23","322000","500","0.16","321500","326000","317000","707386","227209545500","43450481970000","134939385"
"2020/07/22","321500","0","0.00","322500","323000","315000","748686","239073465500","43383012277500","134939385"
"2020/07/21","321500","-1500","-0.46","326500","331000","318000","1217900","394323811500","43383012277500","134939385"
"2020/07/20","323000","-5000","-1.52","336500","339500","322500","1391199","459515666000","43585421355000","134939385"
"2020/07/17","328000","13000","4.13","318000","330000","315000","1241089","402999661500","44260118280000","134939385"
"2020/07/16","315000","-1000","-0.32","313500","321500","310500","734412","231593464500","42505906275000","134939385"
"2020/07/15","316000","-8000","-2.47","325000","326500","314000","972746","309392164500","42640845660000","134939385"
"2020/07/14","324000","-5000","-1.52","327000","331500","322000","842821","274934954500","43720360740000","134939385"
"2020/07/13","329000","4500","1.39","326500","329500","321000","775224","252889374000","44395057665000","134939385"
"2020/07/10","324500","500","0.15","328500","331500","316500","1042448","338412665000","43787830432500","134939385"
"2020/07/09","324000","12500","4.01","322500","328000","317500","1637528","529920324500","43720360740000","134939385"
"2020/07/08","311500","3000","0.97","312500","316000","308500","709785","221233521000","42033618427500","134939385"
"2020/07/07","308500","3000","0.98","305500","316000","303000","1003857","310908039000","41628800272500","134939385"
"2020/07/06","305500","-4000","-1.29","308500","313000","304500","759792","233952320500","41223982117500","134939385"
"2020/07/03","309500","1000","0.32","311500","312000","300500","760954","233165927500","41763739657500","134939385"
"2020/07/02","308500","11000","3.70","298000","311500","298000","1134489","348242134500","41628800272500","134939385"
"2020/07/01","297500","-8500","-2.78","308000","309000","296000","1012051","305512250000","40144467037500","134939385"
"2020/06/30","306000","-5000","-1.61","312000","314500","299000","1517136","465556121500","41291451810000","134939385"
"2020/06/29","311000","-1500","-0.48","316500","326000","311000","1323237","419589771500","41966148735000","134939385"
"2020/06/26","312500","-3500","-1.11","320000","321000","307500","927851","291741859000","42168557812500","134939385"
"2020/06/25","316000","-3000","-0.94","315500","323000","314500","918369","291688043500","42640845660000","134939385"
"2020/06/24","319000","500","0.16","323500","331000","315500","1956218","630976250016","43045663815000","134939385"
"2020/06/23","318500","21500","7.24","305500","329000","302500","4485322","1422660533000","42978194122500","134939385"
"2020/06/22","297000","5500","1.89","291500","300000","289500","1166332","346468318000","40076997345000","134939385"
"2020/06/19","291500","4000","1.39","289000","292500","281000","1087788","312838285000","39334830727500","134939385"
"2020/06/18","287500","-2000","-0.69","290500","294500","286000","784181","227261002500","38795073187500","134939385"
"2020/06/17","289500","-4000","-1.36","294000","298000","280500","1647069","476280383000","39064951957500","134939385"
"2020/06/16","293500","19500","7.12","283000","297000","282500","2041007","592107456000","39604709497500","134939385"
"2020/06/15","274000","-23500","-7.90","298000","301000","268500","3141867","902915469500","36973391490000","134939385"
"2020/06/12","297500","9500","3.30","280000","303500","279000","3865779","1140005942000","40144467037500","134939385"
"2020/06/11","288000","19500","7.26","280000","299500","274500","3934710","1131295532500","38862542880000","134939385"
"2020/06/10","268500","5000","1.90","263500","270000","261500","1067682","284926284000","36231224872500","134939385"
"2020/06/09","263500","7500","2.93","257000","264500","255000","1345656","350689819000","35556527947500","134939385"
"2020/06/08","256000","-500","-0.19","260500","263000","253000","1267019","326678365000","34544482560000","134939385"
"2020/06/05","256500","9500","3.85","244000","260500","243000","2899453","735635721000","34611952252500","134939385"
"2020/06/04","247000","19500","8.57","227500","248000","227000","3037387","725609934000","33330028095000","134939385"
"2020/06/03","227500","3000","1.34","231500","235000","224500","1813508","417483283500","30698710087500","134939385"
"2020/06/02","224500","-3000","-1.32","230000","232500","222000","1115810","252298773500","30293891932500","134939385"
"2020/06/01","227500","14000","6.56","214000","232500","213000","3410255","768405229000","30698710087500","134939385"
"2020/05/29","213500","2500","1.18","212000","214000","209500","660343","140329840000","28809558697500","134939385"
"2020/05/28","211000","-2000","-0.94","212500","213500","206000","716459","150491786500","28472210235000","134939385"
"2020/05/27","213000","-1500","-0.70","212000","214000","211000","591712","125863519000","28742089005000","134939385"
"2020/05/26","214500","-500","-0.23","215500","216500","213000","482616","103449770000","28944498082500","134939385"
"2020/05/25","215000","-1000","-0.46","216000","216000","213500","371033","79742089500","29011967775000","134939385"
"2020/05/22","216000","-2500","-1.14","220000","221000","213000","637408","138000639500","29146907160000","134939385"
"2020/05/21","218500","0","0.00","218500","220000","215500","530139","115556724000","29433464642000","134706932"
"2020/05/20","218500","5500","2.58","214500","219000","213500","661979","143396020000","29433464642000","134706932"
"2020/05/19","213000","0","0.00","213000","214500","209000","709054","150424928500","28692576516000","134706932"
"2020/05/18","213000","-4500","-2.07","220000","222000","212000","988984","215375882500","28692576516000","134706932"
"2020/05/15","217500","500","0.23","219000","221500","215000","827539","180132186500","29298757710000","134706932"
"2020/05/14","217000","2000","0.93","215000","217000","212000","959332","206828007000","29231404244000","134706932"
"2020/05/13","215000","4000","1.90","211000","215000","210000","763378","163163247000","28961990380000","134706932"
"2020/05/12","211000","500","0.24","212000","217500","210500","982920","209711217500","28423162652000","134706932"
"2020/05/11","210500","0","0.00","215000","215500","210000","695048","147665185000","28355809186000","134706932"
"2020/05/08","210500","6500","3.19","206000","214000","205000","895729","189094109000","28355809186000","134706932"
"2020/05/07","204000","-3000","-1.45","206000","207000","203500","402708","82473509000","27480214128000","134706932"
"2020/05/06","207000","3500","1.72","204500","208000","200500","603987","123691255000","27884334924000","134706932"
"2020/05/04","203500","-7000","-3.33","208000","211000","203500","860366","177925540500","27412860662000","134706932"
"2020/04/29","210500","1500","0.72","209000","211000","207000","654481","136992542500","28355809186000","134706932"
"2020/04/28","209000","-3500","-1.65","212500","214000","208000","726697","152891443000","28153748788000","134706932"
"2020/04/27","212500","1000","0.47","213500","215000","211500","486289","103418713000","28625223050000","134706932"
"2020/04/24","211500","-2500","-1.17","213500","217000","210500","1076656","230366622000","28490516118000","134706932"
"2020/04/23","214000","0","0.00","215500","216500","212500","634952","135969624000","27466176466000","128346619"
"2020/04/22","214000","2000","0.94","208000","217500","208000","1123888","240208277500","27466176466000","128346619"
"2020/04/21","212000","0","0.00","213000","218000","207000","1791508","381662137000","27209483228000","128346619"
"2020/04/20","212000","1000","0.47","210500","216000","208000","913363","193388002000","27209483228000","128346619"
"2020/04/17","211000","-4000","-1.86","215500","216500","205500","1786490","376208054000","27081136609000","128346619"
"2020/04/16","215000","-1000","-0.46","214500","217500","213500","775217","166249759000","27594523085000","128346619"
"2020/04/14","216000","500","0.23","220000","220500","212000","1273985","275422008000","27722869704000","128346619"
"2020/04/13","215500","6000","2.86","210000","225500","208000","3635512","794854347000","27658696394500","128346619"
"2020/04/10","209500","-1000","-0.48","214000","215000","203000","1741966","365753425000","26888616680500","128346619"
"2020/04/09","210500","3500","1.69","211500","216500","208500","1348849","285288821000","27016963299500","128346619"
"2020/04/08","207000","-3000","-1.43","210000","212000","207000","1090103","228014130000","26567750133000","128346619"
"2020/04/07","210000","1000","0.48","208500","214500","203000","2206806","460798411000","26952789990000","128346619"
"2020/04/06","209000","13000","6.63","202500","212500","200500","2778989","577473885500","26824443371000","128346619"
"2020/04/03","196000","1000","0.51","191500","217000","191500","4151869","839333130000","25155937324000","128346619"
"2020/04/02","195000","-3000","-1.52","186000","198500","182000","8664631","1618116477000","25027590705000","128346619"
"2020/04/01","198000","-31000","-13.54","234000","236000","198000","5208192","1130841008500","25412630562000","128346619"
"2020/03/31","229000","44000","23.78","187500","232500","185500","11131989","2378342287500","29391375751000","128346619"
"2020/03/30","185000","1000","0.54","182000","186500","181500","937759","172964288500","23744124515000","128346619"
"2020/03/27","184000","2500","1.38","188500","190000","178500","1927549","355997672000","23615777896000","128346619"
"2020/03/26","181500","-1500","-0.82","182000","191000","178500","2441069","450890434500","23294911348500","128346619"
"2020/03/25","183000","-1000","-0.54","191000","191500","177500","2334554","427000730000","23487431277000","128346619"
"2020/03/24","184000","9000","5.14","178500","190500","177000","3903710","718470214000","23615777896000","128346619"
"2020/03/23","175000","22500","14.75","145500","184500","145000","6685918","1136500212000","22460658325000","128346619"
"2020/03/20","152500","12500","8.93","145500","153000","141000","2019176","298603636000","19572859397500","128346619"
"2020/03/19","140000","-17000","-10.83","163500","164500","138500","2890238","426981689000","17968526660000","128346619"
"2020/03/18","157000","-11000","-6.55","168000","171000","157000","1214771","199971477500","20150419183000","128346619"
"2020/03/17","168000","2500","1.51","158000","171000","158000","1400196","232322889000","21562231992000","128346619"
"2020/03/16","165500","-5000","-2.93","176000","178000","165500","1054288","180573308500","21240923890500","128343951"
"2020/03/13","170500","-2000","-1.16","165000","174000","156500","2228505","366882685500","21882643645500","128343951"
"2020/03/12","172500","-2500","-1.43","173500","178000","168500","1210096","209120600000","22139331547500","128343951"
"2020/03/11","175000","-6000","-3.31","180000","182000","173000","816884","144903062000","22460191425000","128343951"
"2020/03/10","181000","7000","4.02","172000","181000","169000","1203990","210597872000","23230255131000","128343951"
"2020/03/09","174000","-3500","-1.97","175000","180500","173500","992060","174761742000","22331847474000","128343951"
"2020/03/06","177500","-4500","-2.47","181500","183000","177000","706838","126746831000","22781051302500","128343951"
"2020/03/05","182000","7500","4.30","177000","182000","174500","908489","162693633000","23358599082000","128343951"
"2020/03/04","174500","2000","1.16","171500","175000","171000","427029","74183510500","22396019449500","128343951"
"2020/03/03","172500","-2500","-1.43","178500","179000","172000","655782","114861527000","22139331547500","128343951"
"2020/03/02","175000","5000","2.94","170500","175000","168500","658143","113265898500","22460191425000","128343951"
"2020/02/28","170000","-500","-0.29","168000","171500","167000","819064","138799231000","21818471670000","128343951"
"2020/02/27","170500","-2500","-1.45","173500","175000","169000","658855","113254459500","21882643645500","128343951"
"2020/02/26","173000","500","0.29","170000","177000","169000","767937","133363818500","22203503523000","128343951"
"2020/02/25","172500","3500","2.07","169000","173000","168500","568928","97258302000","22139331547500","128343951"
"2020/02/24","169000","-8000","-4.52","172500","174500","169000","768670","131719743000","21690127719000","128343951"
"2020/02/21","177000","-2000","-1.12","176500","181000","176000","448780","80068293500","22716879327000","128343951"
"2020/02/20","179000","-2500","-1.38","182000","182500","176500","753214","134831494000","22973567229000","128343951"
"2020/02/19","181500","-3000","-1.63","186000","187000","180000","738862","134637329500","23294427106500","128343951"
"2020/02/18","184500","-1500","-0.81","187000","187000","182500","550403","101563813500","23679458959500","128343951"
"2020/02/17","186000","5000","2.76","182500","187500","182500","798265","148239155500","23871974886000","128343951"
"2020/02/14","181000","2500","1.40","178000","182000","177500","645545","116496187500","23229151393000","128337853"
"2020/02/13","178500","4500","2.59","175500","181000","175500","1215090","217133133500","22908306760500","128337853"
"2020/02/12","174000","500","0.29","174000","175000","172000","326275","56547895500","22330786422000","128337853"
"2020/02/11","173500","500","0.29","174000","176500","172500","433405","75545399500","22266617495500","128337853"
"2020/02/10","173000","1500","0.87","171000","175500","169500","496142","85856858000","22202448569000","128337853"
"2020/02/07","171500","-1000","-0.58","173500","174000","170000","430732","73931910000","22009941789500","128337853"
"2020/02/06","172500","8000","4.86","166000","174000","165500","831467","142068227000","22138279642500","128337853"
"2020/02/05","164500","-3000","-1.79","169000","169500","163500","654917","108656917000","21111576818500","128337853"
"2020/02/04","167500","1000","0.60","167500","169500","165000","714181","119371814500","21496590377500","128337853"
"2020/02/03","166500","1500","0.91","162000","167500","160000","682627","111721153500","21368252524500","128337853"
"2020/01/31","165000","-2000","-1.20","168000","171500","165000","587953","98881613500","21175745745000","128337853"
"2020/01/30","167000","-4000","-2.34","172000","173000","165500","632053","106655278500","21432421451000","128337853"
"2020/01/29","171000","500","0.29","172500","173000","170000","490096","84029831000","21945772863000","128337853"
"2020/01/28","170500","-5000","-2.85","170500","173500","170000","677942","116111207500","21881603936500","128337853"
"2020/01/23","175500","-1000","-0.57","177500","177500","174000","349287","61284068500","22523293201500","128337853"
"2020/01/22","176500","4000","2.32","172500","176500","172500","380522","66634375000","22651631054500","128337853"
"2020/01/21","172500","0","0.00","174000","175500","172500","413021","71822088500","22138279642500","128337853"
"2020/01/20","172500","-2500","-1.43","174000","175000","172000","568512","98360071000","22138279642500","128337853"
"2020/01/17","175000","-5500","-3.05","180500","181000","174000","818082","143937696500","22459124275000","128337853"
"2020/01/16","180500","4000","2.27","176000","186500","174000","1272730","229137347500","23164982466500","128337853"
"2020/01/15","176500","-1500","-0.84","178000","178500","176000","293546","51965050000","22651631054500","128337853"
"2020/01/14","178000","-1500","-0.84","179500","181500","177000","506237","90353890000","22844137834000","128337853"
"2020/01/13","179500","2000","1.13","179000","181000","178500","453131","81396400000","23036644613500","128337853"
"2020/01/10","177500","500","0.28","178500","178500","175000","431127","76346623500","22779968907500","128337853"
"2020/01/09","177000","4000","2.31","178000","179500","175000","519560","91910089000","22715799981000","128337853"
"2020/01/08","173000","-5000","-2.81","175000","176000","170500","891120","154333625500","22202448569000","128337853"
"2020/01/07","178000","5000","2.89","174500","179000","174000","457371","80981998500","22844137834000","128337853"
"2020/01/06","173000","-4500","-2.54","174000","175500","172500","575093","99910074500","22202448569000","128337853"
"2020/01/03","177500","-2500","-1.39","181500","182500","177000","498043","89221080500","22779968907500","128337853"
"2020/01/02","180000","-1000","-0.55","181000","183000","176000","621826","111324975000","23100813540000","128337853"
"2019/12/30","181000","-3000","-1.63","183000","185000","180500","527906","95967517500","23229151393000","128337853"
"2019/12/27","184000","3000","1.66","183000","187000","180000","1406310","257534182500","23614164952000","128337853"
"2019/12/26","189500","4500","2.43","187000","190000","185000","2138836","402474943000","24320023143500","128337853"
"2019/12/24","185000","-1500","-0.80","188000","189000","184000","684744","127119007500","23742502805000","128337853"
"2019/12/23","186500","4500","2.47","183000","189000","183000","872033","162961901000","23935009584500","128337853"
"2019/12/20","182000","1500","0.83","181500","183000","180000","553057","100531505000","23357489246000","128337853"
"2019/12/19","180500","3000","1.69","179500","183000","178500","688837","124840444500","23164982466500","128337853"
"2019/12/18","177500","-1500","-0.84","182000","182000","177000","568183","101676613500","22779968907500","128337853"
"2019/12/17","179000","9000","5.29","170500","179500","169500","956542","167811865500","22972475687000","128337853"
"2019/12/16","170000","-2000","-1.16","172000","173000","169000","349331","59629654000","21817435010000","128337853"
"2019/12/13","172000","1000","0.58","173500","174000","170000","611433","105181302500","22074110716000","128337853"
"2019/12/12","171000","6500","3.95","165500","171500","165000","961611","163224907500","21945772863000","128337853"
"2019/12/11","164500","-2000","-1.20","166500","167000","164000","484732","80048646000","21111576818500","128337853"
"2019/12/10","166500","-1500","-0.89","168000","169000","165000","558446","93277611500","21368252524500","128337853"
"2019/12/09","168000","-2000","-1.18","170000","171000","167500","346240","58460303500","21560759304000","128337853"
"2019/12/06","170000","1500","0.89","169000","171500","168500","337447","57283841500","21817435010000","128337853"
"2019/12/05","168500","-2500","-1.46","172500","173000","165500","581994","98143562500","21624928230500","128337853"
"2019/12/04","171000","-3500","-2.01","173000","175000","170000","427490","73467870500","21945772863000","128337853"
"2019/12/03","174500","-1000","-0.57","173000","175500","172000","285238","49635757100","22394955348500","128337853"
"2019/12/02","175500","1500","0.86","175000","177500","174000","346391","60854694500","22523293201500","128337853"
"2019/11/29","174000","-4500","-2.52","178500","179000","172000","590691","103358431000","22330786422000","128337853"
"2019/11/28","178500","-5500","-2.99","183000","185500","178000","466884","84536307500","22908306760500","128337853"
"2019/11/27","184000","4000","2.22","183000","186000","179000","589879","107752874500","23614164952000","128337853"
"2019/11/26","180000","-1000","-0.55","184500","185500","180000","701187","127253563000","23100813540000","128337853"
"2019/11/25","181000","6000","3.43","176000","181500","176000","504384","90623855000","23229151393000","128337853"
"2019/11/22","175000","-2000","-1.13","175500","177500","171500","619085","108093992500","22459124275000","128337853"
"2019/11/21","177000","-7500","-4.07","186000","186000","174000","865834","154368220000","22715799981000","128337853"
"2019/11/20","184500","1000","0.54","183500","185500","182000","411474","75704120500","23678333878500","128337853"
"2019/11/19","183500","-3000","-1.61","186000","186500","182000","395894","72740837500","23549996025500","128337853"
"2019/11/18","186500","500","0.27","187000","188000","185500","280805","52438018500","23935009584500","128337853"
"2019/11/15","186000","-500","-0.27","187000","187500","184000","379577","70482160000","23870840658000","128337853"
"2019/11/14","186500","5500","3.04","182500","187000","182000","585992","108839556500","23934725172000","128336328"
"2019/11/13","181000","-4500","-2.43","184000","185500","181000","518524","94508946500","23228875368000","128336328"
"2019/11/12","185500","-500","-0.27","185500","187500","184000","411263","76372277000","23806388844000","128336328"
"2019/11/11","186000","-2000","-1.06","187500","188500","182000","640182","118539928000","23870557008000","128336328"
"2019/11/08","188000","-3000","-1.57","193500","193500","186000","807604","152097009000","24127229664000","128336328"
"2019/11/07","191000","-5500","-2.80","200000","201000","189500","1023475","198426766500","24512238648000","128336328"
"2019/11/06","196500","-1000","-0.51","199000","199000","196500","349162","68933967000","25218088452000","128336328"
"2019/11/05","197500","-1000","-0.50","198000","199000","196000","442508","87341917500","25346424780000","128336328"
"2019/11/04","198500","-500","-0.25","200500","201000","197500","486729","96787153000","25474761108000","128336328"
"2019/11/01","199000","-1000","-0.50","200000","200000","196000","519587","102815127500","25538929272000","128336328"
"2019/10/31","200000","-4000","-1.96","206500","206500","200000","524708","106208817000","25667265600000","128336328"
"2019/10/30","204000","-1500","-0.73","207000","207000","202000","421777","86142923500","26180610912000","128336328"
"2019/10/29","205500","4500","2.24","202000","206500","202000","615245","126198821000","26373115404000","128336328"
"2019/10/28","201000","4000","2.03","198000","201000","197000","395313","79053391000","25795601928000","128336328"
"2019/10/25","197000","0","0.00","198500","201500","195000","508707","100549436000","25282256616000","128336328"
"2019/10/24","197000","500","0.25","193500","197000","189000","902749","174104822500","25282256616000","128336328"
"2019/10/23","196500","5000","2.61","193000","202500","193000","1574542","313637048500","25218088452000","128336328"
"2019/10/22","191500","9500","5.22","183500","193000","182500","1075991","204249172000","24576406812000","128336328"
"2019/10/21","182000","500","0.28","181000","184500","178500","380996","69218442000","23357211696000","128336328"
"2019/10/18","181500","-6500","-3.46","188000","188500","181000","435152","80038464800","23293043532000","128336328"
"2019/10/17","188000","1000","0.53","188500","190000","186500","386801","72753143000","24127229664000","128336328"
"2019/10/16","187000","3500","1.91","186500","188000","184500","446617","83268233000","23998893336000","128336328"
"2019/10/15","183500","1000","0.55","182000","184000","180500","251875","45964084000","23549716188000","128336328"
"2019/10/14","182500","1000","0.55","184000","184000","180500","326855","59574790500","23421379860000","128336328"
"2019/10/11","181500","500","0.28","182000","185000","180000","508087","92797589000","23293043532000","128336328"
"2019/10/10","181000","500","0.28","179000","182000","177500","607459","109510911000","23228875368000","128336328"
"2019/10/08","180500","2000","1.12","179500","182000","175500","623940","111912422000","23164707204000","128336328"
"2019/10/07","178500","5500","3.18","174000","179500","173000","703398","123914763500","22908034548000","128336328"
"2019/10/04","173000","500","0.29","172500","174500","171000","430560","74445665500","22202184744000","128336328"
"2019/10/02","172500","-1000","-0.58","172000","176500","171000","614668","106760953500","22138016580000","128336328"
"2019/10/01","173500","9500","5.79","169000","174500","166500","1232784","211382457000","22266352908000","128336328"
"2019/09/30","164000","-2000","-1.20","166500","167000","160500","514888","84302668000","21047157792000","128336328"
"2019/09/27","166000","-1000","-0.60","168500","169000","165000","265476","44182137500","21303830448000","128336328"
"2019/09/26","167000","500","0.30","167500","170000","165500","403484","67632326000","21432166776000","128336328"
"2019/09/25","166500","-2000","-1.19","168500","171000","165500","588251","98994432000","21367998612000","128336328"
"2019/09/24","168500","-2500","-1.46","168500","170500","166000","825451","139219882500","21624671268000","128336328"
"2019/09/23","171000","-4500","-2.56","176500","176500","169000","884762","152032704000","21945512088000","128336328"
"2019/09/20","175500","7000","4.15","169000","176000","169000","595515","103163176000","22523025564000","128336328"
"2019/09/19","168500","-5000","-2.88","174500","175000","167000","766855","130698869000","21624671268000","128336328"
"2019/09/18","173500","2500","1.46","172500","175500","172000","551625","96008871500","22266352908000","128336328"
"2019/09/17","171000","500","0.29","170500","174500","169000","731052","126131001000","21945512088000","128336328"
"2019/09/16","170500","1500","0.89","169500","171000","166500","571746","96670417500","21881343924000","128336328"
"2019/09/11","169000","4000","2.42","166500","171000","166000","995168","167876425000","21688839432000","128336328"
"2019/09/10","165000","-1000","-0.60","166500","168000","164500","324994","53976730000","21175494120000","128336328"
"2019/09/09","166000","500","0.30","167500","167500","165000","319810","53174033000","21303830448000","128336328"
"2019/09/06","165500","1500","0.91","165000","166000","162000","354981","58263453000","21239662284000","128336328"
"2019/09/05","164000","-3500","-2.09","169000","170000","163000","646888","107242025000","21047157792000","128336328"
"2019/09/04","167500","7000","4.36","160000","168000","160000","809996","134119802000","21496334940000","128336328"
"2019/09/03","160500","4000","2.56","156500","163000","156500","803172","129164925500","20597980644000","128336328"
"2019/09/02","156500","-500","-0.32","156000","159000","152500","380075","59247401500","20084635332000","128336328"
"2019/08/30","157000","0","0.00","160500","161000","156500","502672","79510948000","20148803496000","128336328"
"2019/08/29","157000","1000","0.64","156500","161500","154500","1018768","160533213500","20148803496000","128336328"
"2019/08/28","156000","11000","7.59","145000","156500","144000","1109554","167421063500","20020467168000","128336328"
"2019/08/27","145000","3500","2.47","145500","148000","143500","739633","107564029018","18608767560000","128336328"
"2019/08/26","141500","-10000","-6.60","147500","149500","140500","1170629","169109406000","18159590412000","128336328"
"2019/08/23","151500","-1000","-0.66","149500","153000","149000","431910","65329430500","19442953692000","128336328"
"2019/08/22","152500","-4000","-2.56","157000","158000","152000","497935","77065866500","19571290020000","128336328"
"2019/08/21","156500","1500","0.97","155000","160500","154500","593283","93445971500","20084635332000","128336328"
"2019/08/20","155000","2000","1.31","153500","155000","152000","330814","50866447500","19892130840000","128336328"
"2019/08/19","153000","-1000","-0.65","154500","156500","152000","331502","50997098500","19635458184000","128336328"
"2019/08/16","154000","500","0.33","152500","154500","150000","414772","63373135500","19762676780000","128329070"
"2019/08/14","153500","500","0.33","159500","159500","153500","607181","94824738000","19698512245000","128329070"
"2019/08/13","153000","-2000","-1.29","153000","155500","152000","390460","59922259000","19634347710000","128329070"
"2019/08/12","155000","-500","-0.32","155000","157000","151500","545830","84286393000","19891005850000","128329070"
"2019/08/09","155500","1500","0.97","155500","159000","154500","792762","124200422000","19955170385000","128329070"
"2019/08/08","154000","5500","3.70","150500","154000","150000","1077964","164119202500","19762676780000","128329070"
"2019/08/07","148500","2000","1.37","150500","153000","146000","1239839","184976114500","19056866895000","128329070"
"2019/08/06","146500","1000","0.69","138000","155000","137500","3426659","500916170000","18800208755000","128329070"
"2019/08/05","145500","-18000","-11.01","160000","162000","145500","3101964","470257574000","18671879685000","128329070"
"2019/08/02","163500","-7000","-4.11","168500","170500","162500","1247036","206879693000","20981802945000","128329070"
"2019/08/01","170500","0","0.00","169500","175500","169500","693633","119193627000","21880106435000","128329070"
"2019/07/31","170500","-6500","-3.67","176000","176500","165500","1349890","230076621500","21880106435000","128329070"
"2019/07/30","177000","-2000","-1.12","179500","183500","177000","505434","90789199500","22714245390000","128329070"
"2019/07/29","179000","-6000","-3.24","183500","184500","179000","433879","78531185000","22970903530000","128329070"
"2019/07/26","185000","7000","3.93","177000","186000","177000","582949","106380964500","23740877950000","128329070"
"2019/07/25","178000","-2000","-1.11","179000","180500","176500","515167","91662309500","22842574460000","128329070"
"2019/07/24","180000","-2000","-1.10","182500","183000","178000","466319","83990462500","23099232600000","128329070"
"2019/07/23","182000","-2500","-1.36","184500","185000","181000","355671","64912258000","23355890740000","128329070"
"2019/07/22","184500","0","0.00","185500","187500","184000","270774","50294003500","23676713415000","128329070"
"2019/07/19","184500","4000","2.22","180500","185000","180500","453800","83147603000","23676713415000","128329070"
"2019/07/18","180500","-4000","-2.17","182500","184500","179500","572978","103788496000","23163397135000","128329070"
"2019/07/17","184500","-4000","-2.12","189000","189500","182500","470563","86858603500","23676713415000","128329070"
"2019/07/16","188500","5000","2.72","182500","191000","182500","537087","100752797000","24190029695000","128329070"
"2019/07/15","183500","-5000","-2.65","189000","190500","181000","629792","116295347000","23548384345000","128329070"
"2019/07/12","188500","-3000","-1.57","190500","191000","187500","351584","66422974000","24190029695000","128329070"
"2019/07/11","191500","2500","1.32","189500","193000","188000","751776","143351606000","24575016905000","128329070"
"2019/07/10","189000","-3500","-1.82","193500","195000","187500","646044","123128936500","24254194230000","128329070"
"2019/07/09","192500","-13500","-6.55","205000","206000","184000","1473892","284732622000","24703345975000","128329070"
"2019/07/08","206000","-2000","-0.96","207500","209500","205500","350520","72443427000","26435788420000","128329070"
"2019/07/05","208000","4500","2.21","203500","208000","203500","262434","54209073000","26692446560000","128329070"
"2019/07/04","203500","-2500","-1.21","205500","206500","202500","297631","60663512000","26114965745000","128329070"
"2019/07/03","206000","1000","0.49","205500","208000","204500","190241","39193054500","26435788420000","128329070"
"2019/07/02","205000","-3000","-1.44","207000","209000","204500","220246","45424884000","26307459350000","128329070"
"2019/07/01","208000","2500","1.22","206000","209000","204500","381740","79173488000","26692446560000","128329070"
"2019/06/28","205500","1500","0.74","203000","206000","201500","283880","57912069000","26371623885000","128329070"
"2019/06/27","204000","-6500","-3.09","207500","209000","203000","609613","125509765000","26179130280000","128329070"
"2019/06/26","210500","2500","1.20","208000","211500","205500","306633","64207792500","27013269235000","128329070"
"2019/06/25","208000","-500","-0.24","208000","209000","204000","383434","79125890000","26692446560000","128329070"
"2019/06/24","208500","-4000","-1.88","212500","214000","207500","348624","73148653000","26756611095000","128329070"
"2019/06/21","212500","-1500","-0.70","214500","215000","210000","841165","178596873500","27269927375000","128329070"
"2019/06/20","214000","2500","1.18","212500","214000","211500","310658","66255381000","27462420980000","128329070"
"2019/06/19","211500","3500","1.68","210500","212000","209000","381552","80449313000","27141598305000","128329070"
"2019/06/18","208000","3000","1.46","205000","210000","204500","434738","90586513000","26692446560000","128329070"
"2019/06/17","205000","4000","1.99","201000","205500","199500","326571","66317914000","26307459350000","128329070"
"2019/06/14","201000","-6000","-2.90","206500","206500","200000","419888","85020027500","25794143070000","128329070"
"2019/06/13","207000","3000","1.47","204500","207000","204000","510362","105064370500","26564117490000","128329070"
"2019/06/12","204000","2000","0.99","203000","204500","201000","314449","63779806500","26179130280000","128329070"
"2019/06/11","202000","3500","1.76","198500","203000","198000","378455","76315814500","25922472140000","128329070"
"2019/06/10","198500","2000","1.02","198000","199000","196000","297463","58857880000","25473320395000","128329070"
"2019/06/07","196500","500","0.26","196500","197000","194500","253859","49715505000","25216662255000","128329070"
"2019/06/05","196000","500","0.26","198500","198500","195000","296088","58107264500","25152497720000","128329070"
"2019/06/04","195500","2500","1.30","194000","197000","191000","413329","80178453000","25088333185000","128329070"
"2019/06/03","193000","3000","1.58","189500","193000","187500","503711","96164069500","24767510510000","128329070"
"2019/05/31","190000","4000","2.15","185000","193500","184500","668079","127070150500","24382523300000","128329070"
"2019/05/30","186000","500","0.27","185500","187000","182000","430348","79270541500","23869207020000","128329070"
"2019/05/29","185500","-500","-0.27","186000","187000","182000","573479","105766147000","23805042485000","128329070"
"2019/05/28","186000","12000","6.90","174000","186000","174000","932491","169223081000","23869207020000","128329070"
"2019/05/27","174000","-7000","-3.87","181500","182000","172000","748422","131517802500","22329258180000","128329070"
"2019/05/24","181000","500","0.28","179500","182500","178000","392471","70857251000","23227561670000","128329070"
"2019/05/23","180500","-4000","-2.17","185000","185500","180000","552247","100449849000","23163397135000","128329070"
"2019/05/22","184500","3500","1.93","182500","185500","182500","526469","96900361500","23676713415000","128329070"
"2019/05/21","181000","-7000","-3.72","183000","186000","180500","1185909","216432374500","23227561670000","128329070"
"2019/05/20","188000","-7500","-3.84","195500","197500","187000","544930","104263021500","24125865160000","128329070"
"2019/05/17","195500","-1000","-0.51","200000","202000","195000","267915","52963734000","25088333185000","128329070"
"2019/05/16","196500","500","0.26","197500","202000","195000","422681","83866870500","25142860588500","127953489"
"2019/05/15","196000","500","0.26","197500","198500","195500","355239","69829202500","25078883844000","127953489"
"2019/05/14","195500","1000","0.51","192500","199500","192500","499475","98029307500","25014907099500","127953489"
"2019/05/13","194500","-7000","-3.47","200000","203000","193500","553974","108966429500","24886953610500","127953489"
"2019/05/10","201500","-8500","-4.05","209000","209000","198500","698530","141553272500","25782628033500","127953489"
"2019/05/09","210000","4500","2.19","209000","213000","208000","932863","196092705000","26870232690000","127953489"
"2019/05/08","205500","0","0.00","202500","207000","202500","326458","66939315500","26294441989500","127953489"
"2019/05/07","205500","1000","0.49","201000","208500","201000","419722","86241957500","26294441989500","127953489"
"2019/05/03","204500","-2500","-1.21","207000","207500","202500","432470","88242212000","26166488500500","127953489"
"2019/05/02","207000","-5000","-2.36","212000","212000","207000","468421","97643163000","26486372223000","127953489"
"2019/04/30","212000","-4000","-1.85","216000","216000","211500","290786","61913607000","27126139668000","127953489"
"2019/04/29","216000","4000","1.89","213500","216500","212000","273604","58649366500","27637953624000","127953489"
"2019/04/26","212000","500","0.24","210500","214500","209500","365635","77760111000","27126139668000","127953489"
"2019/04/25","211500","-6500","-2.98","216000","219000","210000","531785","113128358000","27062162923500","127953489"
"2019/04/24","218000","-3500","-1.58","223000","223500","218000","451246","99209640500","27893860602000","127953489"
"2019/04/23","221500","1000","0.45","222000","224500","216500","628952","139279261000","27789708517000","125461438"
"2019/04/22","220500","2500","1.15","218500","224000","218000","883326","195683247500","27664247079000","125461438"
"2019/04/19","218000","14500","7.13","204500","220000","204000","1295363","274935917500","27350593484000","125461438"
"2019/04/18","203500","-5000","-2.40","208500","209000","202000","420305","85864530500","25531402633000","125461438"
"2019/04/17","208500","500","0.24","208500","211000","207000","315945","66010971500","26158709823000","125461438"
"2019/04/16","208000","4500","2.21","202500","209000","201000","388944","80029709500","26095979104000","125461438"
"2019/04/15","203500","-5500","-2.63","209500","210000","202500","495476","101692494500","25531402633000","125461438"
"2019/04/12","209000","-1500","-0.71","209000","211000","205500","309948","64697740000","26221440542000","125461438"
"2019/04/11","210500","5000","2.43","206500","210500","205500","650857","136067116000","26409632699000","125461438"
"2019/04/10","205500","1000","0.49","205500","210000","203000","708106","147083420000","25782325509000","125461438"
"2019/04/09","204500","9000","4.60","199500","206000","198500","1026289","208061649500","25656864071000","125461438"
"2019/04/08","195500","3500","1.82","194000","195500","192000","368475","71735610000","24527711129000","125461438"
"2019/04/05","192000","-500","-0.26","192500","194000","189500","249346","47792500500","24088596096000","125461438"
"2019/04/04","192500","-1000","-0.52","194000","195000","192000","270188","52248857000","24151326815000","125461438"
"2019/04/03","193500","3500","1.84","190500","195000","188000","503210","96857357000","24276788253000","125461438"
"2019/04/02","190000","8000","4.40","183500","190500","183500","668630","125703877500","23837673220000","125461438"
"2019/04/01","182000","1000","0.55","180500","184000","180000","425884","77576825500","22833981716000","125461438"
"2019/03/29","181000","500","0.28","180500","184000","179000","781489","141487568500","22708520278000","125461438"
"2019/03/28","180500","-2500","-1.37","180500","185500","178500","990545","179695064000","22645789559000","125461438"
"2019/03/27","183000","-9500","-4.94","193000","194000","182000","1552642","288590215000","22959443154000","125461438"
"2019/03/26","192500","-5500","-2.78","198500","199000","192000","942571","183304053500","24151326815000","125461438"
"2019/03/25","198000","-1500","-0.75","198500","200500","197000","268674","53428216500","24841364724000","125461438"
"2019/03/22","199500","-1000","-0.50","200500","201500","199000","271695","54379495500","25029556881000","125461438"
"2019/03/21","200500","-500","-0.25","200500","202500","200500","305223","61323446500","25155018319000","125461438"
"2019/03/20","201000","-2000","-0.99","203500","204000","200000","357326","71913970500","25217749038000","125461438"
"2019/03/19","203000","2000","1.00","201500","205000","201500","279595","56882589500","25468671914000","125461438"
"2019/03/18","201000","-2000","-0.99","202500","204500","201000","366081","73905261000","25217749038000","125461438"
"2019/03/15","203000","-3000","-1.46","205000","205000","201000","530216","107396947000","25468671914000","125461438"
"2019/03/14","206000","-1500","-0.72","209500","209500","202000","699931","143286857000","25845056228000","125461438"
"2019/03/13","207500","-1500","-0.72","209000","210000","207000","277484","57853357000","26033248385000","125461438"
"2019/03/12","209000","4000","1.95","206000","209500","205500","403058","83769087000","26221440542000","125461438"
"2019/03/11","205000","-1000","-0.49","205500","206500","202500","298618","60929464000","25719594790000","125461438"
"2019/03/08","206000","-1000","-0.48","206000","209000","205500","325850","67450609500","25845056228000","125461438"
"2019/03/07","207000","-4000","-1.90","209500","211000","205000","395874","82259574500","25970517666000","125461438"
"2019/03/06","211000","1000","0.48","212000","212500","208500","437069","91992569500","26472363418000","125461438"
"2019/03/05","210000","2500","1.20","207500","212000","206500","610182","128257399500","26346901980000","125461438"
"2019/03/04","207500","3000","1.47","207000","209500","205500","443684","92106169500","26033248385000","125461438"
"2019/02/28","204500","2000","0.99","203000","208000","203000","696781","143575449000","25656864071000","125461438"
"2019/02/27","202500","-2000","-0.98","204000","204500","202000","378242","76783295000","25405941195000","125461438"
"2019/02/26","204500","500","0.25","205500","208000","203000","607595","124436061500","25656864071000","125461438"
"2019/02/25","204000","-3000","-1.45","202000","208000","200000","909423","185227524000","25594133352000","125461438"
"2019/02/22","207000","-500","-0.24","207500","209500","206000","331716","68505222500","25970517666000","125461438"
"2019/02/21","207500","-6000","-2.81","213000","213500","207500","683299","142693431500","26033248385000","125461438"
"2019/02/20","213500","-1500","-0.70","216000","216500","213500","308976","66250194500","26786017013000","125461438"
"2019/02/19","215000","3000","1.42","213000","217000","211500","431134","92587801000","26973068595000","125456133"
"2019/02/18","212000","2500","1.19","211500","213500","210500","304258","64512173000","26596700196000","125456133"
"2019/02/15","209500","-500","-0.24","209000","212500","208500","501246","105145037500","26283059863500","125456133"
"2019/02/14","210000","-2000","-0.94","212000","213000","206500","672355","140249115000","26345787930000","125456133"
"2019/02/13","212000","-500","-0.24","213500","214500","211000","410110","86992052000","26596700196000","125456133"
"2019/02/12","212500","-3000","-1.39","215500","216000","211000","455550","96778522500","26659428262500","125456133"
"2019/02/11","215500","500","0.23","217500","218500","215000","304690","65920731000","27035796661500","125456133"
"2019/02/08","215000","1000","0.47","213500","219000","212500","383272","82799230500","26973068595000","125456133"
"2019/02/07","214000","-500","-0.23","215500","216500","210000","434569","92819610000","26847612462000","125456133"
"2019/02/01","214500","-4500","-2.05","221000","221500","214000","641157","139150664500","26910340528500","125456133"
"2019/01/31","219000","4000","1.86","217500","221000","216000","843225","184416293000","27474893127000","125456133"
"2019/01/30","215000","4500","2.14","212500","215500","211500","608861","130220579000","26973068595000","125456133"
"2019/01/29","210500","-500","-0.24","211500","213500","206500","497370","104413440000","26408515996500","125456133"
"2019/01/28","211000","2500","1.20","210500","214500","209500","836659","177459934000","26471244063000","125456133"
"2019/01/25","208500","500","0.24","208500","210500","205500","631397","131526132000","26157603730500","125456133"
"2019/01/24","208000","8000","4.00","200500","208000","200000","969990","199124309000","26094875664000","125456133"
"2019/01/23","200000","0","0.00","200000","201000","198500","428851","85730542000","25091226600000","125456133"
"2019/01/22","200000","2000","1.01","199000","203500","198500","583074","116916946000","25091226600000","125456133"
"2019/01/21","198000","-3000","-1.49","201500","201500","195000","876899","173790521500","24840314334000","125456133"
"2019/01/18","201000","5500","2.81","197000","202500","194500","1260873","251932967000","25216682733000","125456133"
"2019/01/17","195500","-6500","-3.22","201000","204500","195500","1561345","310537876500","24526674001500","125456133"
"2019/01/16","202000","-5500","-2.65","208500","209500","200500","1353859","274375569412","25342138866000","125456133"
"2019/01/15","207500","-3500","-1.66","212000","214000","205500","998718","209207354500","26032147597500","125456133"
"2019/01/14","211000","-5500","-2.54","216000","216000","210000","710387","150537766000","26471244063000","125456133"
"2019/01/11","216500","0","0.00","217000","218500","214000","468357","101291985500","27161252794500","125456133"
"2019/01/10","216500","2500","1.17","215500","221500","214500","895183","194766628000","27161252794500","125456133"
"2019/01/09","214000","500","0.23","215500","217500","210000","845610","180859681000","26847612462000","125456133"
"2019/01/08","213500","-2500","-1.16","216500","219000","212500","646883","138969881000","26784884395500","125456133"
"2019/01/07","216000","-4000","-1.82","227000","227000","215000","1071752","235771965000","27098524728000","125456133"
"2019/01/04","220000","9500","4.51","210500","221000","208000","1132255","244613433000","27600349260000","125456133"
"2019/01/03","210500","-4000","-1.86","214000","217500","208500","951894","202068767500","26408515996500","125456133"
"2019/01/02","214500","-8000","-3.60","224500","226000","213000","1045357","228573134000","26910340528500","125456133"